{
  "images": [
    {
      "filename": "app_icon_16.png",
      "idiom": "mac",
      "scale": "1x",
      "size": "16x16"
    },
    {
      "filename": "app_icon_32.png",
      "idiom": "mac",
      "scale": "2x",
      "size": "16x16"
    },
    {
      "filename": "app_icon_32.png",
      "idiom": "mac",
      "scale": "1x",
      "size": "32x32"
    },
    {
      "filename": "app_icon_64.png",
      "idiom": "mac",
      "scale": "2x",
      "size": "32x32"
    },
    {
      "filename": "app_icon_128.png",
      "idiom": "mac",
      "scale": "1x",
      "size": "128x128"
    },
    {
      "filename": "app_icon_256.png",
      "idiom": "mac",
      "scale": "2x",
      "size": "128x128"
    },
    {
      "filename": "app_icon_256.png",
      "idiom": "mac",
      "scale": "1x",
      "size": "256x256"
    },
    {
      "filename": "app_icon_512.png",
      "idiom": "mac",
      "scale": "2x",
      "size": "256x256"
    },
    {
      "filename": "app_icon_512.png",
      "idiom": "mac",
      "scale": "1x",
      "size": "512x512"
    },
    {
      "filename": "app_icon_1024.png",
      "idiom": "mac",
      "scale": "2x",
      "size": "512x512"
    }
  ],
  "info": {
    "author": "icons_launcher",
    "version": 1
  }
}